{"flutter":{"platforms":{"android":{"default":{"projectId":"clinicsqueue-1","appId":"1:359778615357:android:ce21f267875cb899952a54","fileOutput":"android/app/google-services.json"}},"dart":{"lib/firebase_options.dart":{"projectId":"clinicsqueue-1","configurations":{"android":"1:359778615357:android:ce21f267875cb899952a54","ios":"1:359778615357:ios:3e92c3a0f9ff1d81952a54","macos":"1:359778615357:ios:3e92c3a0f9ff1d81952a54","web":"1:359778615357:web:957990910f74fdff952a54","windows":"1:359778615357:web:f9d6889648830b16952a54"}}}}}}